<?xml version="1.0" encoding="utf-8" ?>
<dwsync>
<file name="jquery-1.11.3.min.js" server="C:/wamp64/www" local="131512282408446128" remote="131512282400000000" Dst="2" />
<file name="bootstrap.js" server="C:/wamp64/www" local="131407440060000000" remote="131407440060000000" Dst="2" />
<file name="jquery.waypoints.min.js" server="C:/wamp64/www" local="131501196842582469" remote="131501196840000000" Dst="2" />
<file name="slick.min.js" server="C:/wamp64/www" local="131507123831363812" remote="131507123830000000" Dst="2" />
<file name="moment.min.js" server="C:/wamp64/www" local="131380685600000000" remote="131380685600000000" Dst="2" />
<file name="bootstrap-timepicker.min.js" server="C:/wamp64/www" local="131379766820000000" remote="131379766820000000" Dst="2" />
<file name="star-rating.js" server="C:/wamp64/www" local="131379977450000000" remote="131379977450000000" Dst="2" />
<file name="jquery.tablesorter.min.js" server="C:/wamp64/www" local="131512876804099130" remote="131512876800000000" Dst="2" />
</dwsync>