<?xml version="1.0" encoding="utf-8" ?>
<dwsync>
<file name="glyphicons-halflings-regular.eot" server="C:/Users/Paul/Desktop/paulbayruns/php" local="131407440060000000" remote="131407440060000000" Dst="2" />
<file name="glyphicons-halflings-regular.woff2" server="C:/Users/Paul/Desktop/paulbayruns/php" local="131407440060000000" remote="131407440060000000" Dst="2" />
<file name="glyphicons-halflings-regular.woff" server="C:/Users/Paul/Desktop/paulbayruns/php" local="131407440060000000" remote="131407440060000000" Dst="2" />
<file name="glyphicons-halflings-regular.ttf" server="C:/Users/Paul/Desktop/paulbayruns/php" local="131407440060000000" remote="131407440060000000" Dst="2" />
<file name="glyphicons-halflings-regular.eot" server="C:/wamp64/www" local="131407440060000000" remote="131407440060000000" Dst="2" />
<file name="glyphicons-halflings-regular.woff2" server="C:/wamp64/www" local="131407440060000000" remote="131407440060000000" Dst="2" />
<file name="glyphicons-halflings-regular.woff" server="C:/wamp64/www" local="131407440060000000" remote="131407440060000000" Dst="2" />
<file name="glyphicons-halflings-regular.ttf" server="C:/wamp64/www" local="131407440060000000" remote="131407440060000000" Dst="2" />
</dwsync>