<?xml version="1.0" encoding="utf-8" ?>
<dwsync>
<file name="jquery-1.11.3.min.js" server="C:/wamp64/www" local="131541519236570745" remote="131541519230000000" Dst="2" />
<file name="bootstrap.js" server="C:/wamp64/www" local="131541519234800644" remote="131541519230000000" Dst="2" />
<file name="jquery.waypoints.min.js" server="C:/wamp64/www" local="131541519237810816" remote="131541519230000000" Dst="2" />
<file name="slick.min.js" server="C:/wamp64/www" local="131507123831363812" remote="131507123830000000" Dst="2" />
<file name="moment.min.js" server="C:/wamp64/www" local="131541519240720982" remote="131541519240000000" Dst="2" />
<file name="bootstrap-timepicker.min.js" server="C:/wamp64/www" local="131541519234090603" remote="131541519230000000" Dst="2" />
<file name="star-rating.js" server="C:/wamp64/www" local="131541519243781157" remote="131541519240000000" Dst="2" />
<file name="jquery.tablesorter.min.js" server="C:/wamp64/www" local="131541519237230783" remote="131541519230000000" Dst="2" />
</dwsync>